Immaculate Architect's Garden Townhouse. Inclusive of Vat.,Hugh,$10,大伦敦，英格兰，英国
Bed in a 28 Person Shared Dormitory,Palmers Lodge,$16,伦敦，大伦敦，英国
Room on Portobello Road Exeptional value for area,Julie,$47,肯辛顿，英格兰，英国
"SUPER VALUE, PRETTY & SAFE, EASY ACCESS TO CENTRE",Judith,$32,伦敦，英国
"Bright, Comfortable Room in Hospitable, Gay Household",Gregory,$67,伦敦，英格兰，英国
Terrace Single Apt In Paddington P7,Ahmed,$52,伦敦，英格兰，英国
双人房间4 - 靠近伦敦塔和肖尔迪奇,Stefano,$43,伦敦，大伦敦，英国
"Female only,comfortable,clean double room. London",Araminta,$36,大伦敦，英格兰，英国
BRIGHT AIRY REFURBED on SQUARE - Inclusive of VAT,Hugh,$10,大伦敦，英格兰，英国
Cosy/smallish Private Bedroom nearby Westminster,Padraic,$65,大伦敦，英格兰，英国
"Cosy room in Russell Square, Shared.",Sofiya,$43,伦敦，英格兰，英国
"Bright, Modernised Apartment Close to Borough Market",Jennifer,$106,伦敦，英格兰，英国
Designer Studio Apartment in Central London,Leman Locke,$149,大伦敦，英格兰，英国
Hoxton/Shoreditch with City Views,Sara,$43,伦敦，英国
Family Studio Sleeps 5 Next to HydePark 102,Caroline,$52,伦敦，英国
Cosy Dble in Kings Cross Houseshare,Paul,$76,伦敦，英国
Ely Cottage room B,Marianna,$72,伦敦，英国
Bed in a 28 Person Shared Dormitory,Palmers Lodge,$16,伦敦，大伦敦，英国
Room on Portobello Road Exeptional value for area,Julie,$47,肯辛顿，英格兰，英国
"SUPER VALUE, PRETTY & SAFE, EASY ACCESS TO CENTRE",Judith,$32,伦敦，英国
"Bright, Comfortable Room in Hospitable, Gay Household",Gregory,$67,伦敦，英格兰，英国
Terrace Single Apt In Paddington P7,Ahmed,$52,伦敦，英格兰，英国
双人房间4 - 靠近伦敦塔和肖尔迪奇,Stefano,$43,伦敦，大伦敦，英国
"Female only,comfortable,clean double room. London",Araminta,$36,大伦敦，英格兰，英国
BRIGHT AIRY REFURBED on SQUARE - Inclusive of VAT,Hugh,$10,大伦敦，英格兰，英国
Cosy/smallish Private Bedroom nearby Westminster,Padraic,$65,大伦敦，英格兰，英国
"Cosy room in Russell Square, Shared.",Sofiya,$43,伦敦，英格兰，英国
"Bright, Modernised Apartment Close to Borough Market",Jennifer,$106,伦敦，英格兰，英国
Designer Studio Apartment in Central London,Leman Locke,$149,大伦敦，英格兰，英国
Hoxton/Shoreditch with City Views,Sara,$43,伦敦，英国
Family Studio Sleeps 5 Next to HydePark 102,Caroline,$52,伦敦，英国
Cosy Dble in Kings Cross Houseshare,Paul,$76,伦敦，英国
Ely Cottage room B,Marianna,$72,伦敦，英国
Stylish room /10 mins to Big Ben,Heart Of London,$89,伦敦，大伦敦，英国
Room on Portobello Road Exeptional value for area,Julie,$47,肯辛顿，英格兰，英国
"SUPER VALUE, PRETTY & SAFE, EASY ACCESS TO CENTRE",Judith,$32,伦敦，英国
"Bright, Comfortable Room in Hospitable, Gay Household",Gregory,$67,伦敦，英格兰，英国
Terrace Single Apt In Paddington P7,Ahmed,$52,伦敦，英格兰，英国
双人房间4 - 靠近伦敦塔和肖尔迪奇,Stefano,$43,伦敦，大伦敦，英国
"Female only,comfortable,clean double room. London",Araminta,$36,大伦敦，英格兰，英国
BRIGHT AIRY REFURBED on SQUARE - Inclusive of VAT,Hugh,$10,大伦敦，英格兰，英国
Cosy/smallish Private Bedroom nearby Westminster,Padraic,$65,大伦敦，英格兰，英国
"Cosy room in Russell Square, Shared.",Sofiya,$43,伦敦，英格兰，英国
"Bright, Modernised Apartment Close to Borough Market",Jennifer,$106,伦敦，英格兰，英国
Designer Studio Apartment in Central London,Leman Locke,$149,大伦敦，英格兰，英国
Hoxton/Shoreditch with City Views,Sara,$43,伦敦，英国
Family Studio Sleeps 5 Next to HydePark 102,Caroline,$52,伦敦，英国
Cosy Dble in Kings Cross Houseshare,Paul,$76,伦敦，英国
Ely Cottage room B,Marianna,$72,伦敦，英国
Stylish room /10 mins to Big Ben,Heart Of London,$89,伦敦，大伦敦，英国
Monks Cell with Single Bed and Desk,John,$38,伦敦，英国
"SUPER VALUE, PRETTY & SAFE, EASY ACCESS TO CENTRE",Judith,$32,伦敦，英国
"Bright, Modernised Apartment Close to Borough Market",Jennifer,$106,伦敦，英格兰，英国
Room on Portobello Road Exeptional value for area,Julie,$47,肯辛顿，英格兰，英国
Terrace Single Apt In Paddington P7,Ahmed,$52,伦敦，英格兰，英国
Designer Studio Apartment in Central London,Leman Locke,$149,大伦敦，英格兰，英国
BRIGHT AIRY REFURBED on SQUARE - Inclusive of VAT,Hugh,$10,大伦敦，英格兰，英国
"Female only,comfortable,clean double room. London",Araminta,$36,大伦敦，英格兰，英国
Cosy/smallish Private Bedroom nearby Westminster,Padraic,$65,大伦敦，英格兰，英国
Family Studio Sleeps 5 Next to HydePark 102,Caroline,$52,伦敦，英国
Hoxton/Shoreditch with City Views,Sara,$43,伦敦，英国
"Cosy room in Russell Square, Shared.",Sofiya,$43,伦敦，英格兰，英国
Irresistable Notting Hill Studio,Max And Billie,$118,伦敦，英格兰，英国
**CENTRAL** Comfy Artist's Home in Camden.,Tessa,$91,伦敦，英国
Ely Cottage room B,Marianna,$72,伦敦，英国
Single bedroom near London Stratford,Richard,$26,伦敦，英国
Cosy Dble in Kings Cross Houseshare,Paul,$76,伦敦，英国
Wilmot Close,T.J,$26,伦敦，英格兰，英国
"Bright, Modernised Apartment Close to Borough Market",Jennifer,$106,伦敦，英格兰，英国
Room on Portobello Road Exeptional value for area,Julie,$47,肯辛顿，英格兰，英国
Terrace Single Apt In Paddington P7,Ahmed,$52,伦敦，英格兰，英国
Designer Studio Apartment in Central London,Leman Locke,$149,大伦敦，英格兰，英国
BRIGHT AIRY REFURBED on SQUARE - Inclusive of VAT,Hugh,$10,大伦敦，英格兰，英国
"Female only,comfortable,clean double room. London",Araminta,$36,大伦敦，英格兰，英国
Cosy/smallish Private Bedroom nearby Westminster,Padraic,$65,大伦敦，英格兰，英国
Family Studio Sleeps 5 Next to HydePark 102,Caroline,$52,伦敦，英国
Hoxton/Shoreditch with City Views,Sara,$43,伦敦，英国
"Cosy room in Russell Square, Shared.",Sofiya,$43,伦敦，英格兰，英国
Irresistable Notting Hill Studio,Max And Billie,$118,伦敦，英格兰，英国
**CENTRAL** Comfy Artist's Home in Camden.,Tessa,$91,伦敦，英国
Ely Cottage room B,Marianna,$72,伦敦，英国
Single bedroom near London Stratford,Richard,$26,伦敦，英国
Cosy Dble in Kings Cross Houseshare,Paul,$76,伦敦，英国
Wilmot Close,T.J,$26,伦敦，英格兰，英国
Stylish room /10 mins to Big Ben,Heart Of London,$89,伦敦，大伦敦，英国
Room on Portobello Road Exeptional value for area,Julie,$47,肯辛顿，英格兰，英国
Terrace Single Apt In Paddington P7,Ahmed,$52,伦敦，英格兰，英国
Designer Studio Apartment in Central London,Leman Locke,$149,大伦敦，英格兰，英国
BRIGHT AIRY REFURBED on SQUARE - Inclusive of VAT,Hugh,$10,大伦敦，英格兰，英国
"Female only,comfortable,clean double room. London",Araminta,$36,大伦敦，英格兰，英国
Cosy/smallish Private Bedroom nearby Westminster,Padraic,$65,大伦敦，英格兰，英国
Family Studio Sleeps 5 Next to HydePark 102,Caroline,$52,伦敦，英国
Hoxton/Shoreditch with City Views,Sara,$43,伦敦，英国
"Cosy room in Russell Square, Shared.",Sofiya,$43,伦敦，英格兰，英国
Irresistable Notting Hill Studio,Max And Billie,$118,伦敦，英格兰，英国
**CENTRAL** Comfy Artist's Home in Camden.,Tessa,$91,伦敦，英国
Ely Cottage room B,Marianna,$72,伦敦，英国
Single bedroom near London Stratford,Richard,$26,伦敦，英国
Cosy Dble in Kings Cross Houseshare,Paul,$76,伦敦，英国
Wilmot Close,T.J,$26,伦敦，英格兰，英国
Stylish room /10 mins to Big Ben,Heart Of London,$89,伦敦，大伦敦，英国
Chic Room with Bath and Kitchenette Living Area,Nicholas & Michele,$94,伦敦，英国
Terrace Single Apt In Paddington P7,Ahmed,$52,伦敦，英格兰，英国
Designer Studio Apartment in Central London,Leman Locke,$149,大伦敦，英格兰，英国
BRIGHT AIRY REFURBED on SQUARE - Inclusive of VAT,Hugh,$10,大伦敦，英格兰，英国
"Female only,comfortable,clean double room. London",Araminta,$36,大伦敦，英格兰，英国
Cosy/smallish Private Bedroom nearby Westminster,Padraic,$65,大伦敦，英格兰，英国
Family Studio Sleeps 5 Next to HydePark 102,Caroline,$52,伦敦，英国
Hoxton/Shoreditch with City Views,Sara,$43,伦敦，英国
"Cosy room in Russell Square, Shared.",Sofiya,$43,伦敦，英格兰，英国
Irresistable Notting Hill Studio,Max And Billie,$118,伦敦，英格兰，英国
**CENTRAL** Comfy Artist's Home in Camden.,Tessa,$91,伦敦，英国
Ely Cottage room B,Marianna,$72,伦敦，英国
Single bedroom near London Stratford,Richard,$26,伦敦，英国
Cosy Dble in Kings Cross Houseshare,Paul,$76,伦敦，英国
Wilmot Close,T.J,$26,伦敦，英格兰，英国
Stylish room /10 mins to Big Ben,Heart Of London,$89,伦敦，大伦敦，英国
Chic Room with Bath and Kitchenette Living Area,Nicholas & Michele,$94,伦敦，英国
Designer Studio Apartment in Central London,Leman Locke,$149,大伦敦，英格兰，英国
BRIGHT AIRY REFURBED on SQUARE - Inclusive of VAT,Hugh,$10,大伦敦，英格兰，英国
"Female only,comfortable,clean double room. London",Araminta,$36,大伦敦，英格兰，英国
Cosy/smallish Private Bedroom nearby Westminster,Padraic,$65,大伦敦，英格兰，英国
Family Studio Sleeps 5 Next to HydePark 102,Caroline,$52,伦敦，英国
Hoxton/Shoreditch with City Views,Sara,$43,伦敦，英国
"Cosy room in Russell Square, Shared.",Sofiya,$43,伦敦，英格兰，英国
Irresistable Notting Hill Studio,Max And Billie,$118,伦敦，英格兰，英国
**CENTRAL** Comfy Artist's Home in Camden.,Tessa,$91,伦敦，英国
Ely Cottage room B,Marianna,$72,伦敦，英国
Single bedroom near London Stratford,Richard,$26,伦敦，英国
Cosy Dble in Kings Cross Houseshare,Paul,$76,伦敦，英国
Wilmot Close,T.J,$26,伦敦，英格兰，英国
Stylish room /10 mins to Big Ben,Heart Of London,$89,伦敦，大伦敦，英国
Chic Room with Bath and Kitchenette Living Area,Nicholas & Michele,$94,伦敦，英国
Loft Room in E London in Family Home - women only,Zahra,$32,伦敦，英格兰，英国
BRIGHT AIRY REFURBED on SQUARE - Inclusive of VAT,Hugh,$10,大伦敦，英格兰，英国
Cosy/smallish Private Bedroom nearby Westminster,Padraic,$65,大伦敦，英格兰，英国
"Cosy room in Russell Square, Shared.",Sofiya,$43,伦敦，英格兰，英国
"Bright, Modernised Apartment Close to Borough Market",Jennifer,$106,伦敦，英格兰，英国
Designer Studio Apartment in Central London,Leman Locke,$149,大伦敦，英格兰，英国
Hoxton/Shoreditch with City Views,Sara,$43,伦敦，英国
Family Studio Sleeps 5 Next to HydePark 102,Caroline,$52,伦敦，英国
Cosy Dble in Kings Cross Houseshare,Paul,$76,伦敦，英国
Ely Cottage room B,Marianna,$72,伦敦，英国
Stylish room /10 mins to Big Ben,Heart Of London,$89,伦敦，大伦敦，英国
Monks Cell with Single Bed and Desk,John,$38,伦敦，英国
Irresistable Notting Hill Studio,Max And Billie,$118,伦敦，英格兰，英国
Double with Kitchenette,Litsa,$92,伦敦，英国
Single bedroom near London Stratford,Richard,$26,伦敦，英国
Wilmot Close,T.J,$26,伦敦，英格兰，英国
Ely Cottage room S,Marianna,$71,伦敦，英国
**CENTRAL** Comfy Artist's Home in Camden.,Tessa,$91,伦敦，英国
"Female only,comfortable,clean double room. London",Araminta,$36,大伦敦，英格兰，英国
Cosy/smallish Private Bedroom nearby Westminster,Padraic,$65,大伦敦，英格兰，英国
Family Studio Sleeps 5 Next to HydePark 102,Caroline,$52,伦敦，英国
Hoxton/Shoreditch with City Views,Sara,$43,伦敦，英国
"Cosy room in Russell Square, Shared.",Sofiya,$43,伦敦，英格兰，英国
Irresistable Notting Hill Studio,Max And Billie,$118,伦敦，英格兰，英国
**CENTRAL** Comfy Artist's Home in Camden.,Tessa,$91,伦敦，英国
Ely Cottage room B,Marianna,$72,伦敦，英国
Single bedroom near London Stratford,Richard,$26,伦敦，英国
Cosy Dble in Kings Cross Houseshare,Paul,$76,伦敦，英国
Wilmot Close,T.J,$26,伦敦，英格兰，英国
Stylish room /10 mins to Big Ben,Heart Of London,$89,伦敦，大伦敦，英国
Chic Room with Bath and Kitchenette Living Area,Nicholas & Michele,$94,伦敦，英国
Loft Room in E London in Family Home - women only,Zahra,$32,伦敦，英格兰，英国
Double with Kitchenette,Litsa,$92,伦敦，英国
Monks Cell with Single Bed and Desk,John,$38,伦敦，英国
Cosy/smallish Private Bedroom nearby Westminster,Padraic,$65,大伦敦，英格兰，英国
Family Studio Sleeps 5 Next to HydePark 102,Caroline,$52,伦敦，英国
Hoxton/Shoreditch with City Views,Sara,$43,伦敦，英国
"Cosy room in Russell Square, Shared.",Sofiya,$43,伦敦，英格兰，英国
Irresistable Notting Hill Studio,Max And Billie,$118,伦敦，英格兰，英国
**CENTRAL** Comfy Artist's Home in Camden.,Tessa,$91,伦敦，英国
Ely Cottage room B,Marianna,$72,伦敦，英国
Single bedroom near London Stratford,Richard,$26,伦敦，英国
Cosy Dble in Kings Cross Houseshare,Paul,$76,伦敦，英国
Wilmot Close,T.J,$26,伦敦，英格兰，英国
Stylish room /10 mins to Big Ben,Heart Of London,$89,伦敦，大伦敦，英国
Chic Room with Bath and Kitchenette Living Area,Nicholas & Michele,$94,伦敦，英国
Loft Room in E London in Family Home - women only,Zahra,$32,伦敦，英格兰，英国
Double with Kitchenette,Litsa,$92,伦敦，英国
Monks Cell with Single Bed and Desk,John,$38,伦敦，英国
Ely Cottage room S,Marianna,$71,伦敦，英国
Family Studio Sleeps 5 Next to HydePark 102,Caroline,$52,伦敦，英国
Hoxton/Shoreditch with City Views,Sara,$43,伦敦，英国
"Cosy room in Russell Square, Shared.",Sofiya,$43,伦敦，英格兰，英国
Irresistable Notting Hill Studio,Max And Billie,$118,伦敦，英格兰，英国
**CENTRAL** Comfy Artist's Home in Camden.,Tessa,$91,伦敦，英国
Ely Cottage room B,Marianna,$72,伦敦，英国
Single bedroom near London Stratford,Richard,$26,伦敦，英国
Cosy Dble in Kings Cross Houseshare,Paul,$76,伦敦，英国
Wilmot Close,T.J,$26,伦敦，英格兰，英国
Stylish room /10 mins to Big Ben,Heart Of London,$89,伦敦，大伦敦，英国
Chic Room with Bath and Kitchenette Living Area,Nicholas & Michele,$94,伦敦，英国
Loft Room in E London in Family Home - women only,Zahra,$32,伦敦，英格兰，英国
Double with Kitchenette,Litsa,$92,伦敦，英国
Monks Cell with Single Bed and Desk,John,$38,伦敦，英国
Ely Cottage room S,Marianna,$71,伦敦，英国
Spacious Modern Loft nr Notting Hill,Vivian,$49,伦敦，英国
Designer Studio Apartment in Central London,Leman Locke,$149,大伦敦，英格兰，英国
Hoxton/Shoreditch with City Views,Sara,$43,伦敦，英国
Family Studio Sleeps 5 Next to HydePark 102,Caroline,$52,伦敦，英国
Cosy Dble in Kings Cross Houseshare,Paul,$76,伦敦，英国
Ely Cottage room B,Marianna,$72,伦敦，英国
Stylish room /10 mins to Big Ben,Heart Of London,$89,伦敦，大伦敦，英国
Monks Cell with Single Bed and Desk,John,$38,伦敦，英国
Irresistable Notting Hill Studio,Max And Billie,$118,伦敦，英格兰，英国
Double with Kitchenette,Litsa,$92,伦敦，英国
Single bedroom near London Stratford,Richard,$26,伦敦，英国
Wilmot Close,T.J,$26,伦敦，英格兰，英国
Ely Cottage room S,Marianna,$71,伦敦，英国
**CENTRAL** Comfy Artist's Home in Camden.,Tessa,$91,伦敦，英国
Spacious Modern Loft nr Notting Hill,Vivian,$49,伦敦，英国
Loft Room in E London in Family Home - women only,Zahra,$32,伦敦，英格兰，英国
Chic Room with Bath and Kitchenette Living Area,Nicholas & Michele,$94,伦敦，英国
Hoxton/Shoreditch with City Views,Sara,$43,伦敦，英国
Family Studio Sleeps 5 Next to HydePark 102,Caroline,$52,伦敦，英国
Cosy Dble in Kings Cross Houseshare,Paul,$76,伦敦，英国
Ely Cottage room B,Marianna,$72,伦敦，英国
Stylish room /10 mins to Big Ben,Heart Of London,$89,伦敦，大伦敦，英国
Monks Cell with Single Bed and Desk,John,$38,伦敦，英国
Irresistable Notting Hill Studio,Max And Billie,$118,伦敦，英格兰，英国
Double with Kitchenette,Litsa,$92,伦敦，英国
Single bedroom near London Stratford,Richard,$26,伦敦，英国
Wilmot Close,T.J,$26,伦敦，英格兰，英国
Ely Cottage room S,Marianna,$71,伦敦，英国
**CENTRAL** Comfy Artist's Home in Camden.,Tessa,$91,伦敦，英国
Spacious Modern Loft nr Notting Hill,Vivian,$49,伦敦，英国
Loft Room in E London in Family Home - women only,Zahra,$32,伦敦，英格兰，英国
Chic Room with Bath and Kitchenette Living Area,Nicholas & Michele,$94,伦敦，英国
Amazing Studio in Paddington P10,Caroline,$52,伦敦，英国
Family Studio Sleeps 5 Next to HydePark 102,Caroline,$52,伦敦，英国
Cosy Dble in Kings Cross Houseshare,Paul,$76,伦敦，英国
Ely Cottage room B,Marianna,$72,伦敦，英国
Stylish room /10 mins to Big Ben,Heart Of London,$89,伦敦，大伦敦，英国
Monks Cell with Single Bed and Desk,John,$38,伦敦，英国
Irresistable Notting Hill Studio,Max And Billie,$118,伦敦，英格兰，英国
Double with Kitchenette,Litsa,$92,伦敦，英国
Single bedroom near London Stratford,Richard,$26,伦敦，英国
Wilmot Close,T.J,$26,伦敦，英格兰，英国
Ely Cottage room S,Marianna,$71,伦敦，英国
**CENTRAL** Comfy Artist's Home in Camden.,Tessa,$91,伦敦，英国
Spacious Modern Loft nr Notting Hill,Vivian,$49,伦敦，英国
Loft Room in E London in Family Home - women only,Zahra,$32,伦敦，英格兰，英国
Chic Room with Bath and Kitchenette Living Area,Nicholas & Michele,$94,伦敦，英国
Amazing Studio in Paddington P10,Caroline,$52,伦敦，英国
SINGLE ROOM FOR 1 PERSON,Pilar,$31,伦敦，英国
**CENTRAL** Comfy Artist's Home in Camden.,Tessa,$91,伦敦，英国
Ely Cottage room B,Marianna,$72,伦敦，英国
Single bedroom near London Stratford,Richard,$26,伦敦，英国
Cosy Dble in Kings Cross Houseshare,Paul,$76,伦敦，英国
Wilmot Close,T.J,$26,伦敦，英格兰，英国
Stylish room /10 mins to Big Ben,Heart Of London,$89,伦敦，大伦敦，英国
Chic Room with Bath and Kitchenette Living Area,Nicholas & Michele,$94,伦敦，英国
Loft Room in E London in Family Home - women only,Zahra,$32,伦敦，英格兰，英国
Irresistable Notting Hill Studio,Max And Billie,$118,伦敦，英格兰，英国
Double with Kitchenette,Litsa,$92,伦敦，英国
Monks Cell with Single Bed and Desk,John,$38,伦敦，英国
Ely Cottage room S,Marianna,$71,伦敦，英国
Spacious Modern Loft nr Notting Hill,Vivian,$49,伦敦，英国
Amazing Studio in Paddington P10,Caroline,$52,伦敦，英国
"New Decor, Double room,Queen Bed, Bathroom&Balcony",Lou,$34,伦敦，英格兰，英国
Brand New Studio in Victoria 7A,Alessandro,$91,大伦敦，英国
Private Room in Zone 2 Limehouse London,Rama,$31,伦敦，英格兰，英国
Ely Cottage room B,Marianna,$72,伦敦，英国
Stylish room /10 mins to Big Ben,Heart Of London,$89,伦敦，大伦敦，英国
Monks Cell with Single Bed and Desk,John,$38,伦敦，英国
Irresistable Notting Hill Studio,Max And Billie,$118,伦敦，英格兰，英国
Double with Kitchenette,Litsa,$92,伦敦，英国
Single bedroom near London Stratford,Richard,$26,伦敦，英国
Wilmot Close,T.J,$26,伦敦，英格兰，英国
Ely Cottage room S,Marianna,$71,伦敦，英国
**CENTRAL** Comfy Artist's Home in Camden.,Tessa,$91,伦敦，英国
Spacious Modern Loft nr Notting Hill,Vivian,$49,伦敦，英国
Loft Room in E London in Family Home - women only,Zahra,$32,伦敦，英格兰，英国
Chic Room with Bath and Kitchenette Living Area,Nicholas & Michele,$94,伦敦，英国
Amazing Studio in Paddington P10,Caroline,$52,伦敦，英国
SINGLE ROOM FOR 1 PERSON,Pilar,$31,伦敦，英国
Regents park double room. The best.,Oleg,$48,伦敦，Camden，英国
"New Decor, Double room,Queen Bed, Bathroom&Balcony",Lou,$34,伦敦，英格兰，英国
Single bedroom near London Stratford,Richard,$26,伦敦，英国
Cosy Dble in Kings Cross Houseshare,Paul,$76,伦敦，英国
Wilmot Close,T.J,$26,伦敦，英格兰，英国
Stylish room /10 mins to Big Ben,Heart Of London,$89,伦敦，大伦敦，英国
Chic Room with Bath and Kitchenette Living Area,Nicholas & Michele,$94,伦敦，英国
Loft Room in E London in Family Home - women only,Zahra,$32,伦敦，英格兰，英国
Irresistable Notting Hill Studio,Max And Billie,$118,伦敦，英格兰，英国
Double with Kitchenette,Litsa,$92,伦敦，英国
Monks Cell with Single Bed and Desk,John,$38,伦敦，英国
Ely Cottage room S,Marianna,$71,伦敦，英国
Spacious Modern Loft nr Notting Hill,Vivian,$49,伦敦，英国
Amazing Studio in Paddington P10,Caroline,$52,伦敦，英国
"New Decor, Double room,Queen Bed, Bathroom&Balcony",Lou,$34,伦敦，英格兰，英国
Brand New Studio in Victoria 7A,Alessandro,$91,大伦敦，英国
Private Room in Zone 2 Limehouse London,Rama,$31,伦敦，英格兰，英国
"Comfy, Clean London room.",Anoushka,$26,伦敦，英格兰，英国
Bright Clean Refurbished Georgian Flat. Inclusive of Vat.,Hugh,$60,大伦敦，英格兰，英国
